{
  "total_orders": 20,
  "total_sales": 5262.199999999999,
  "aov": 263.10999999999996,
  "repeat_rate_percent": 25.0
}